Feedback Text,Sentiment
The product arrived on time and in perfect condition.,Positive
"The packaging was damaged, but the product was fine.",Neutral
I'm very satisfied with the quality of the item I received.,Positive
The customer service was friendly and helpful.,Positive
The color of the shirt was exactly as shown in the picture.,Positive
"The size I ordered was too small, but the return process was easy.",Neutral
"I received a free gift with my purchase, which was a nice surprise.",Positive
The material of the pants feels durable and comfortable.,Positive
"The price of the shoes was a bit high, but they are worth it.",Neutral
The website was easy to navigate and had a wide selection.,Positive
"The delivery was fast, but the packaging could have been better.",Neutral
The fabric of the dress feels cheap and it wrinkles easily.,Negative
"The shoes I ordered were too big, and the return process was a hassle.",Negative
I'm disappointed with the quality of the product I received.,Negative
The customer support team was unresponsive and not helpful.,Negative
"The sizing chart was accurate, and the clothes fit perfectly.",Positive
The checkout process was quick and straightforward.,Positive
The material of the bag feels sturdy and well-made.,Positive
The color of the hat I received was different from what I expected.,Negative
The price of the jacket was reasonable for the quality.,Positive
The stitching on the shirt was coming undone after the first wash.,Negative
The website kept crashing while I was trying to make a purchase.,Negative
I'm impressed with the variety of products available.,Positive
"The delivery was delayed, but the product exceeded my expectations.",Neutral
"The dress I ordered was too long, but it was easy to get it hemmed.",Neutral
The fabric of the sweater feels soft and comfortable.,Positive
The customer service representative was rude and unhelpful.,Negative
The accessories I ordered were missing from the package.,Negative
I love the style and design of the coat I purchased.,Positive
"The website layout was confusing, and it took me a while to find what I wanted.",Negative
"The size I ordered was too big, but the exchange process was smooth.",Neutral
The material of the shirt feels itchy and uncomfortable.,Negative
"The price of the scarf was a bit high, but it was worth it.",Neutral
The return process was quick and hassle-free.,Positive
I'm satisfied with the overall shopping experience.,Positive
The color of the shoes I received was slightly different from the picture.,Neutral
The fabric of the skirt feels thin and cheap.,Negative
The customer support team was helpful and resolved my issue promptly.,Positive
The packaging of the items was sturdy and well-protected.,Positive
The price of the pants was too high for the quality.,Negative
"The sizing was perfect, and the dress fits like a glove.",Positive
"The delivery was late, and the package was damaged.",Negative
The material of the jeans feels comfortable and stretchy.,Positive
"The checkout process was confusing, and I accidentally ordered the wrong item.",Negative
The color of the sweater faded after the first wash.,Negative
The quality of the product exceeded my expectations.,Positive
"The website was slow, and it took forever to load.",Negative
The fabric of the shirt feels cheap and low-quality.,Negative
"The price of the bag was a bit high, but it was worth it for the durability.",Neutral
The sizing was inconsistent across different items.,Negative
The shoes I received were a perfect fit and very comfortable.,Positive
The customer service representative was friendly and knowledgeable.,Positive
The packaging of the items was environmentally friendly.,Positive
The color of the dress I received was vibrant and beautiful.,Positive
The fabric of the pants feels thin and flimsy.,Negative
The price of the shirt was too high for the quality.,Negative
"The delivery was fast, and the package arrived in perfect condition.",Positive
The customer support team was unresponsive and did not resolve my issue.,Negative
The material of the sweater feels itchy and uncomfortable.,Negative
"The sizing chart was inaccurate, and the clothes were too small.",Negative
The checkout process was quick and easy to use.,Positive
"I received the wrong item, and the return process was difficult.",Negative
The color of the hat I received was faded and not as advertised.,Negative
The fabric of the jacket feels luxurious and soft.,Positive
The website layout was user-friendly and intuitive.,Positive
The price of the shoes was reasonable for the quality.,Positive
The stitching on the shirt was done poorly and came apart.,Negative
"The customer service was excellent, and my issue was resolved quickly.",Positive
The accessories I ordered were missing from the package.,Negative
The quality of the coat I received was poor.,Negative
"The delivery was delayed, but the product was worth the wait.",Neutral
The fabric of the dress feels cheap and uncomfortable.,Negative
The customer support team was unresponsive and not helpful.,Negative
"The sizing of the pants was off, and they were too tight.",Negative
The checkout process was quick and hassle-free.,Positive
The material of the bag feels sturdy and well-made.,Positive
The color of the shirt I received was not what I expected.,Negative
The price of the jacket was reasonable for the quality.,Positive
The stitching on the shirt was coming undone after the first wash.,Negative
The website kept crashing while I was trying to make a purchase.,Negative
I'm impressed with the variety of products available.,Positive
"The delivery was delayed, but the product exceeded my expectations.",Neutral
"The dress I ordered was too long, but it was easy to get it hemmed.",Neutral
The fabric of the sweater feels soft and comfortable.,Positive
The customer service representative was rude and unhelpful.,Negative
The accessories I ordered were missing from the package.,Negative
I love the style and design of the coat I purchased.,Positive
"The website layout was confusing, and it took me a while to find what I wanted.",Negative
"The size I ordered was too big, but the exchange process was smooth.",Neutral
The material of the shirt feels itchy and uncomfortable.,Negative
"The price of the scarf was a bit high, but it was worth it.",Neutral
The return process was quick and hassle-free.,Positive
I'm satisfied with the overall shopping experience.,Positive
The color of the shoes I received was slightly different from the picture.,Neutral
The fabric of the skirt feels thin and cheap.,Negative
The customer support team was helpful and resolved my issue promptly.,Positive
The packaging of the items was sturdy and well-protected.,Positive
The price of the pants was too high for the quality.,Negative
"The sizing was perfect, and the dress fits like a glove.",Positive
"The delivery was late, and the package was damaged.",Negative
The material of the jeans feels comfortable and stretchy.,Positive
"The checkout process was confusing, and I accidentally ordered the wrong item.",Negative
The color of the sweater faded after the first wash.,Negative
The quality of the product exceeded my expectations.,Positive
"The website was slow, and it took forever to load.",Negative
The fabric of the shirt feels cheap and low-quality.,Negative
"The price of the bag was a bit high, but it was worth it for the durability.",Neutral
The sizing was inconsistent across different items.,Negative
The shoes I received were a perfect fit and very comfortable.,Positive
The customer service representative was friendly and knowledgeable.,Positive
The packaging of the items was environmentally friendly.,Positive
The color of the dress I received was vibrant and beautiful.,Positive
The fabric of the pants feels thin and flimsy.,Negative
The price of the shirt was too high for the quality.,Negative
"The delivery was fast, and the package arrived in perfect condition.",Positive
The customer support team was unresponsive and did not resolve my issue.,Negative
The material of the sweater feels itchy and uncomfortable.,Negative
"The sizing chart was inaccurate, and the clothes were too small.",Negative
The checkout process was quick and easy to use.,Positive
"I received the wrong item, and the return process was difficult.",Negative
The color of the hat I received was faded and not as advertised.,Negative
The fabric of the jacket feels luxurious and soft.,Positive
The website layout was user-friendly and intuitive.,Positive
The price of the shoes was reasonable for the quality.,Positive
The stitching on the shirt was done poorly and came apart.,Negative
"The customer service was excellent, and my issue was resolved quickly.",Positive
The accessories I ordered were missing from the package.,Negative
The quality of the coat I received was poor.,Negative
"The delivery was delayed, but the product was worth the wait.",Neutral
The fabric of the dress feels cheap and uncomfortable.,Negative
The customer support team was unresponsive and not helpful.,Negative
"The sizing of the pants was off, and they were too tight.",Negative
The checkout process was quick and hassle-free.,Positive
The material of the bag feels sturdy and well-made.,Positive
The color of the shirt I received was not what I expected.,Negative
The price of the jacket was reasonable for the quality.,Positive
The stitching on the shirt was coming undone after the first wash.,Negative
The website kept crashing while I was trying to make a purchase.,Negative
I'm impressed with the variety of products available.,Positive
"The delivery was delayed, but the product exceeded my expectations.",Neutral
"The dress I ordered was too long, but it was easy to get it hemmed.",Neutral
The fabric of the sweater feels soft and comfortable.,Positive
The customer service representative was rude and unhelpful.,Negative
The accessories I ordered were missing from the package.,Negative
I love the style and design of the coat I purchased.,Positive
"The website layout was confusing, and it took me a while to find what I wanted.",Negative
"The size I ordered was too big, but the exchange process was smooth.",Neutral
The material of the shirt feels itchy and uncomfortable.,Negative
"The price of the scarf was a bit high, but it was worth it.",Neutral
The return process was quick and hassle-free.,Positive
I'm satisfied with the overall shopping experience.,Positive
The color of the shoes I received was slightly different from the picture.,Neutral
The fabric of the skirt feels thin and cheap.,Negative
The customer support team was helpful and resolved my issue promptly.,Positive
The packaging of the items was sturdy and well-protected.,Positive
The price of the pants was too high for the quality.,Negative
"The sizing was perfect, and the dress fits like a glove.",Positive
"The delivery was late, and the package was damaged.",Negative
The material of the jeans feels comfortable and stretchy.,Positive
"The checkout process was confusing, and I accidentally ordered the wrong item.",Negative
The color of the sweater faded after the first wash.,Negative
The quality of the product exceeded my expectations.,Positive
"The website was slow, and it took forever to load.",Negative
The fabric of the shirt feels cheap and low-quality.,Negative
"The price of the bag was a bit high, but it was worth it for the durability.",Neutral
The sizing was inconsistent across different items.,Negative
The shoes I received were a perfect fit and very comfortable.,Positive
The customer service representative was friendly and knowledgeable.,Positive
The packaging of the items was environmentally friendly.,Positive
The color of the dress I received was vibrant and beautiful.,Positive
The fabric of the pants feels thin and flimsy.,Negative
The price of the shirt was too high for the quality.,Negative
"The delivery was fast, and the package arrived in perfect condition.",Positive
The customer support team was unresponsive and did not resolve my issue.,Negative
The material of the sweater feels itchy and uncomfortable.,Negative
"The sizing chart was inaccurate, and the clothes were too small.",Negative
The checkout process was quick and easy to use.,Positive
"I received the wrong item, and the return process was difficult.",Negative
The color of the hat I received was faded and not as advertised.,Negative
The fabric of the jacket feels luxurious and soft.,Positive
The website layout was user-friendly and intuitive.,Positive
The price of the shoes was reasonable for the quality.,Positive
The stitching on the shirt was done poorly and came apart.,Negative
"The customer service was excellent, and my issue was resolved quickly.",Positive
The accessories I ordered were missing from the package.,Negative
The quality of the coat I received was poor.,Negative
"The delivery was delayed, but the product was worth the wait.",Neutral
The fabric of the dress feels cheap and uncomfortable.,Negative
The customer support team was unresponsive and not helpful.,Negative
"The sizing of the pants was off, and they were too tight.",Negative
The checkout process was quick and hassle-free.,Positive
The material of the bag feels sturdy and well-made.,Positive
The color of the shirt I received was not what I expected.,Negative
The price of the jacket was reasonable for the quality.,Positive
The stitching on the shirt was coming undone after the first wash.,Negative
The website kept crashing while I was trying to make a purchase.,Negative
I'm impressed with the variety of products available.,Positive
"The delivery was delayed, but the product exceeded my expectations.",Neutral
"The dress I ordered was too long, but it was easy to get it hemmed.",Neutral
The fabric of the sweater feels soft and comfortable.,Positive
The customer service representative was rude and unhelpful.,Negative
The accessories I ordered were missing from the package.,Negative
I love the style and design of the coat I purchased.,Positive
"The website layout was confusing, and it took me a while to find what I wanted.",Negative
"The size I ordered was too big, but the exchange process was smooth.",Neutral
The material of the shirt feels itchy and uncomfortable.,Negative
"The price of the scarf was a bit high, but it was worth it.",Neutral
The return process was quick and hassle-free.,Positive
I'm satisfied with the overall shopping experience.,Positive
The color of the shoes I received was slightly different from the picture.,Neutral
The fabric of the skirt feels thin and cheap.,Negative
The customer support team was helpful and resolved my issue promptly.,Positive
The packaging of the items was sturdy and well-protected.,Positive
The price of the pants was too high for the quality.,Negative
"The sizing was perfect, and the dress fits like a glove.",Positive
"The delivery was late, and the package was damaged.",Negative
The material of the jeans feels comfortable and stretchy.,Positive
"The checkout process was confusing, and I accidentally ordered the wrong item.",Negative
The color of the sweater faded after the first wash.,Negative
The quality of the product exceeded my expectations.,Positive
"The website was slow, and it took forever to load.",Negative
The fabric of the shirt feels cheap and low-quality.,Negative
"The price of the bag was a bit high, but it was worth it for the durability.",Neutral
The sizing was inconsistent across different items.,Negative
The shoes I received were a perfect fit and very comfortable.,Positive
The customer service representative was friendly and knowledgeable.,Positive
The packaging of the items was environmentally friendly.,Positive
The color of the dress I received was vibrant and beautiful.,Positive
The fabric of the pants feels thin and flimsy.,Negative
The price of the shirt was too high for the quality.,Negative
"The delivery was fast, and the package arrived in perfect condition.",Positive
The customer support team was unresponsive and did not resolve my issue.,Negative
The material of the sweater feels itchy and uncomfortable.,Negative
"The sizing chart was inaccurate, and the clothes were too small.",Negative
The checkout process was quick and easy to use.,Positive
"I received the wrong item, and the return process was difficult.",Negative
The color of the hat I received was faded and not as advertised.,Negative
The fabric of the jacket feels luxurious and soft.,Positive
The website layout was user-friendly and intuitive.,Positive
The price of the shoes was reasonable for the quality.,Positive
The stitching on the shirt was done poorly and came apart.,Negative
"The customer service was excellent, and my issue was resolved quickly.",Positive
The accessories I ordered were missing from the package.,Negative
The quality of the coat I received was poor.,Negative
"The delivery was delayed, but the product was worth the wait.",Neutral
The fabric of the dress feels cheap and uncomfortable.,Negative
The customer support team was unresponsive and not helpful.,Negative
"The sizing of the pants was off, and they were too tight.",Negative
The checkout process was quick and hassle-free.,Positive
The material of the bag feels sturdy and well-made.,Positive
The color of the shirt I received was not what I expected.,Negative
The price of the jacket was reasonable for the quality.,Positive
The stitching on the shirt was coming undone after the first wash.,Negative
The website kept crashing while I was trying to make a purchase.,Negative
I'm impressed with the variety of products available.,Positive
"The delivery was delayed, but the product exceeded my expectations.",Neutral
"The dress I ordered was too long, but it was easy to get it hemmed.",Neutral
The fabric of the sweater feels soft and comfortable.,Positive
The customer service representative was rude and unhelpful.,Negative
The accessories I ordered were missing from the package.,Negative
I love the style and design of the coat I purchased.,Positive
"The website layout was confusing, and it took me a while to find what I wanted.",Negative
"The size I ordered was too big, but the exchange process was smooth.",Neutral
The material of the shirt feels itchy and uncomfortable.,Negative
"The price of the scarf was a bit high, but it was worth it.",Neutral
The return process was quick and hassle-free.,Positive
I'm satisfied with the overall shopping experience.,Positive
The color of the shoes I received was slightly different from the picture.,Neutral
The fabric of the skirt feels thin and cheap.,Negative
The customer support team was helpful and resolved my issue promptly.,Positive
The packaging of the items was sturdy and well-protected.,Positive
The price of the pants was too high for the quality.,Negative
"The sizing was perfect, and the dress fits like a glove.",Positive
"The delivery was late, and the package was damaged.",Negative
The material of the jeans feels comfortable and stretchy.,Positive
"The checkout process was confusing, and I accidentally ordered the wrong item.",Negative
The color of the sweater faded after the first wash.,Negative
The quality of the product exceeded my expectations.,Positive
"The website was slow, and it took forever to load.",Negative
The fabric of the shirt feels cheap and low-quality.,Negative
"The price of the bag was a bit high, but it was worth it for the durability.",Neutral
The sizing was inconsistent across different items.,Negative
The shoes I received were a perfect fit and very comfortable.,Positive
The customer service representative was friendly and knowledgeable.,Positive
The packaging of the items was environmentally friendly.,Positive
The color of the dress I received was vibrant and beautiful.,Positive
The fabric of the pants feels thin and flimsy.,Negative
The price of the shirt was too high for the quality.,Negative
"The delivery was fast, and the package arrived in perfect condition.",Positive
The customer support team was unresponsive and did not resolve my issue.,Negative
The material of the sweater feels itchy and uncomfortable.,Negative
"The sizing chart was inaccurate, and the clothes were too small.",Negative
The checkout process was quick and easy to use.,Positive
"I received the wrong item, and the return process was difficult.",Negative
The color of the hat I received was faded and not as advertised.,Negative
The fabric of the jacket feels luxurious and soft.,Positive
The website layout was user-friendly and intuitive.,Positive
The price of the shoes was reasonable for the quality.,Positive
The stitching on the shirt was done poorly and came apart.,Negative
"The customer service was excellent, and my issue was resolved quickly.",Positive
The accessories I ordered were missing from the package.,Negative
The quality of the coat I received was poor.,Negative
"The delivery was delayed, but the product was worth the wait.",Neutral
The fabric of the dress feels cheap and uncomfortable.,Negative
The customer support team was unresponsive and not helpful.,Negative
"The sizing of the pants was off, and they were too tight.",Negative
The checkout process was quick and hassle-free.,Positive
The material of the bag feels sturdy and well-made.,Positive
The color of the shirt I received was not what I expected.,Negative
The price of the jacket was reasonable for the quality.,Positive
The stitching on the shirt was coming undone after the first wash.,Negative
The website kept crashing while I was trying to make a purchase.,Negative
I'm impressed with the variety of products available.,Positive
"The delivery was delayed, but the product exceeded my expectations.",Neutral
"The dress I ordered was too long, but it was easy to get it hemmed.",Neutral
The fabric of the sweater feels soft and comfortable.,Positive
The customer service representative was rude and unhelpful.,Negative
The accessories I ordered were missing from the package.,Negative
I love the style and design of the coat I purchased.,Positive
"The website layout was confusing, and it took me a while to find what I wanted.",Negative
"The size I ordered was too big, but the exchange process was smooth.",Neutral
The material of the shirt feels itchy and uncomfortable.,Negative
"The price of the scarf was a bit high, but it was worth it.",Neutral
The return process was quick and hassle-free.,Positive
I'm satisfied with the overall shopping experience.,Positive
The color of the shoes I received was slightly different from the picture.,Neutral
The fabric of the skirt feels thin and cheap.,Negative
The customer support team was helpful and resolved my issue promptly.,Positive
The packaging of the items was sturdy and well-protected.,Positive
The price of the pants was too high for the quality.,Negative
"The sizing was perfect, and the dress fits like a glove.",Positive
"The delivery was late, and the package was damaged.",Negative
The material of the jeans feels comfortable and stretchy.,Positive
"The checkout process was confusing, and I accidentally ordered the wrong item.",Negative
The color of the sweater faded after the first wash.,Negative
The quality of the product exceeded my expectations.,Positive
"The website was slow, and it took forever to load.",Negative
The fabric of the shirt feels cheap and low-quality.,Negative
"The price of the bag was a bit high, but it was worth it for the durability.",Neutral
The sizing was inconsistent across different items.,Negative
The shoes I received were a perfect fit and very comfortable.,Positive
The customer service representative was friendly and knowledgeable.,Positive
The packaging of the items was environmentally friendly.,Positive
The color of the dress I received was vibrant and beautiful.,Positive
The fabric of the pants feels thin and flimsy.,Negative
The price of the shirt was too high for the quality.,Negative
"The delivery was fast, and the package arrived in perfect condition.",Positive
The customer support team was unresponsive and did not resolve my issue.,Negative
The material of the sweater feels itchy and uncomfortable.,Negative
"The sizing chart was inaccurate, and the clothes were too small.",Negative
The checkout process was quick and easy to use.,Positive
"I received the wrong item, and the return process was difficult.",Negative
The color of the hat I received was faded and not as advertised.,Negative
The fabric of the jacket feels luxurious and soft.,Positive
The website layout was user-friendly and intuitive.,Positive
The price of the shoes was reasonable for the quality.,Positive
The stitching on the shirt was done poorly and came apart.,Negative
"The customer service was excellent, and my issue was resolved quickly.",Positive
The accessories I ordered were missing from the package.,Negative
The quality of the coat I received was poor.,Negative
"The delivery was delayed, but the product was worth the wait.",Neutral
The fabric of the dress feels cheap and uncomfortable.,Negative
The customer support team was unresponsive and not helpful.,Negative
"The sizing of the pants was off, and they were too tight.",Negative
The checkout process was quick and hassle-free.,Positive
The material of the bag feels sturdy and well-made.,Positive
The color of the shirt I received was not what I expected.,Negative
The price of the jacket was reasonable for the quality.,Positive
The stitching on the shirt was coming undone after the first wash.,Negative
The website kept crashing while I was trying to make a purchase.,Negative
I'm impressed with the variety of products available.,Positive
"The delivery was delayed, but the product exceeded my expectations.",Neutral
"The dress I ordered was too long, but it was easy to get it hemmed.",Neutral
The fabric of the sweater feels soft and comfortable.,Positive
The customer service representative was rude and unhelpful.,Negative
The accessories I ordered were missing from the package.,Negative
I love the style and design of the coat I purchased.,Positive
"The website layout was confusing, and it took me a while to find what I wanted.",Negative
"The size I ordered was too big, but the exchange process was smooth.",Neutral
The material of the shirt feels itchy and uncomfortable.,Negative
"The price of the scarf was a bit high, but it was worth it.",Neutral
The return process was quick and hassle-free.,Positive
I'm satisfied with the overall shopping experience.,Positive
The color of the shoes I received was slightly different from the picture.,Neutral
The fabric of the skirt feels thin and cheap.,Negative
The customer support team was helpful and resolved my issue promptly.,Positive
The packaging of the items was sturdy and well-protected.,Positive
The price of the pants was too high for the quality.,Negative
"The sizing was perfect, and the dress fits like a glove.",Positive
"The delivery was late, and the package was damaged.",Negative
The material of the jeans feels comfortable and stretchy.,Positive
"The checkout process was confusing, and I accidentally ordered the wrong item.",Negative
The color of the sweater faded after the first wash.,Negative
The quality of the product exceeded my expectations.,Positive
"The website was slow, and it took forever to load.",Negative
The fabric of the shirt feels cheap and low-quality.,Negative
"The price of the bag was a bit high, but it was worth it for the durability.",Neutral
The sizing was inconsistent across different items.,Negative
The shoes I received were a perfect fit and very comfortable.,Positive
The customer service representative was friendly and knowledgeable.,Positive
The packaging of the items was environmentally friendly.,Positive
The color of the dress I received was vibrant and beautiful.,Positive
The fabric of the pants feels thin and flimsy.,Negative
The price of the shirt was too high for the quality.,Negative
"The delivery was fast, and the package arrived in perfect condition.",Positive
The customer support team was unresponsive and did not resolve my issue.,Negative
The material of the sweater feels itchy and uncomfortable.,Negative
"The sizing chart was inaccurate, and the clothes were too small.",Negative
The checkout process was quick and easy to use.,Positive
"I received the wrong item, and the return process was difficult.",Negative
The color of the hat I received was faded and not as advertised.,Negative
The fabric of the jacket feels luxurious and soft.,Positive
The website layout was user-friendly and intuitive.,Positive
The price of the shoes was reasonable for the quality.,Positive
The stitching on the shirt was done poorly and came apart.,Negative
"The customer service was excellent, and my issue was resolved quickly.",Positive
The accessories I ordered were missing from the package.,Negative
The quality of the coat I received was poor.,Negative
"The delivery was delayed, but the product was worth the wait.",Neutral
The fabric of the dress feels cheap and uncomfortable.,Negative
The customer support team was unresponsive and not helpful.,Negative
"The sizing of the pants was off, and they were too tight.",Negative
The checkout process was quick and hassle-free.,Positive
The material of the bag feels sturdy and well-made.,Positive
The color of the shirt I received was not what I expected.,Negative
The price of the jacket was reasonable for the quality.,Positive
The stitching on the shirt was coming undone after the first wash.,Negative
The website kept crashing while I was trying to make a purchase.,Negative
I'm impressed with the variety of products available.,Positive
"The delivery was delayed, but the product exceeded my expectations.",Neutral
"The dress I ordered was too long, but it was easy to get it hemmed.",Neutral
The fabric of the sweater feels soft and comfortable.,Positive
The customer service representative was rude and unhelpful.,Negative
The accessories I ordered were missing from the package.,Negative
I love the style and design of the coat I purchased.,Positive
"The website layout was confusing, and it took me a while to find what I wanted.",Negative
"The size I ordered was too big, but the exchange process was smooth.",Neutral
The material of the shirt feels itchy and uncomfortable.,Negative
"The price of the scarf was a bit high, but it was worth it.",Neutral
The return process was quick and hassle-free.,Positive
I'm satisfied with the overall shopping experience.,Positive
The color of the shoes I received was slightly different from the picture.,Neutral
The fabric of the skirt feels thin and cheap.,Negative
The customer support team was helpful and resolved my issue promptly.,Positive
The packaging of the items was sturdy and well-protected.,Positive
The price of the pants was too high for the quality.,Negative
"The sizing was perfect, and the dress fits like a glove.",Positive
"The delivery was late, and the package was damaged.",Negative
The material of the jeans feels comfortable and stretchy.,Positive
"The checkout process was confusing, and I accidentally ordered the wrong item.",Negative
The color of the sweater faded after the first wash.,Negative
The quality of the product exceeded my expectations.,Positive
"The website was slow, and it took forever to load.",Negative
The fabric of the shirt feels cheap and low-quality.,Negative
"The price of the bag was a bit high, but it was worth it for the durability.",Neutral
The sizing was inconsistent across different items.,Negative
The shoes I received were a perfect fit and very comfortable.,Positive
The customer service representative was friendly and knowledgeable.,Positive
The packaging of the items was environmentally friendly.,Positive
The color of the dress I received was vibrant and beautiful.,Positive
The fabric of the pants feels thin and flimsy.,Negative
The price of the shirt was too high for the quality.,Negative
"The delivery was fast, and the package arrived in perfect condition.",Positive
The customer support team was unresponsive and did not resolve my issue.,Negative
The material of the sweater feels itchy and uncomfortable.,Negative
"The sizing chart was inaccurate, and the clothes were too small.",Negative
The checkout process was quick and easy to use.,Positive
"I received the wrong item, and the return process was difficult.",Negative
The color of the hat I received was faded and not as advertised.,Negative
The fabric of the jacket feels luxurious and soft.,Positive
The website layout was user-friendly and intuitive.,Positive
The price of the shoes was reasonable for the quality.,Positive
The stitching on the shirt was done poorly and came apart.,Negative
"The customer service was excellent, and my issue was resolved quickly.",Positive
The accessories I ordered were missing from the package.,Negative
The quality of the coat I received was poor.,Negative
"The delivery was delayed, but the product was worth the wait.",Neutral
The fabric of the dress feels cheap and uncomfortable.,Negative
The customer support team was unresponsive and not helpful.,Negative
"The sizing of the pants was off, and they were too tight.",Negative
The checkout process was quick and hassle-free.,Positive
The material of the bag feels sturdy and well-made.,Positive
The color of the shirt I received was not what I expected.,Negative
The price of the jacket was reasonable for the quality.,Positive
The stitching on the shirt was coming undone after the first wash.,Negative
The website kept crashing while I was trying to make a purchase.,Negative
I'm impressed with the variety of products available.,Positive
"The delivery was delayed, but the product exceeded my expectations.",Neutral
"The dress I ordered was too long, but it was easy to get it hemmed.",Neutral
The fabric of the sweater feels soft and comfortable.,Positive
The customer service representative was rude and unhelpful.,Negative
The accessories I ordered were missing from the package.,Negative
I love the style and design of the coat I purchased.,Positive
"The website layout was confusing, and it took me a while to find what I wanted.",Negative
"The size I ordered was too big, but the exchange process was smooth.",Neutral
The material of the shirt feels itchy and uncomfortable.,Negative
"The price of the scarf was a bit high, but it was worth it.",Neutral
The return process was quick and hassle-free.,Positive
I'm satisfied with the overall shopping experience.,Positive
The color of the shoes I received was slightly different from the picture.,Neutral
The fabric of the skirt feels thin and cheap.,Negative
The customer support team was helpful and resolved my issue promptly.,Positive
The packaging of the items was sturdy and well-protected.,Positive
The price of the pants was too high for the quality.,Negative
"The sizing was perfect, and the dress fits like a glove.",Positive
"The delivery was late, and the package was damaged.",Negative
The material of the jeans feels comfortable and stretchy.,Positive
"The checkout process was confusing, and I accidentally ordered the wrong item.",Negative
The color of the sweater faded after the first wash.,Negative
The quality of the product exceeded my expectations.,Positive
"The website was slow, and it took forever to load.",Negative
The fabric of the shirt feels cheap and low-quality.,Negative
"The price of the bag was a bit high, but it was worth it for the durability.",Neutral
The sizing was inconsistent across different items.,Negative
The shoes I received were a perfect fit and very comfortable.,Positive
The customer service representative was friendly and knowledgeable.,Positive
The packaging of the items was environmentally friendly.,Positive
The color of the dress I received was vibrant and beautiful.,Positive
The fabric of the pants feels thin and flimsy.,Negative
The price of the shirt was too high for the quality.,Negative
"The delivery was fast, and the package arrived in perfect condition.",Positive
The customer support team was unresponsive and did not resolve my issue.,Negative
The material of the sweater feels itchy and uncomfortable.,Negative
"The sizing chart was inaccurate, and the clothes were too small.",Negative
The checkout process was quick and easy to use.,Positive
"I received the wrong item, and the return process was difficult.",Negative
The color of the hat I received was faded and not as advertised.,Negative
The fabric of the jacket feels luxurious and soft.,Positive
The website layout was user-friendly and intuitive.,Positive
The price of the shoes was reasonable for the quality.,Positive
The stitching on the shirt was done poorly and came apart.,Negative
"The customer service was excellent, and my issue was resolved quickly.",Positive
The accessories I ordered were missing from the package.,Negative
The quality of the coat I received was poor.,Negative
"The delivery was delayed, but the product was worth the wait.",Neutral
The fabric of the dress feels cheap and uncomfortable.,Negative
The customer support team was unresponsive and not helpful.,Negative
"The sizing of the pants was off, and they were too tight.",Negative
The checkout process was quick and hassle-free.,Positive
The material of the bag feels sturdy and well-made.,Positive
The color of the shirt I received was not what I expected.,Negative
The price of the jacket was reasonable for the quality.,Positive
The stitching on the shirt was coming undone after the first wash.,Negative
The website kept crashing while I was trying to make a purchase.,Negative
I'm impressed with the variety of products available.,Positive
"The delivery was delayed, but the product exceeded my expectations.",Neutral
"The dress I ordered was too long, but it was easy to get it hemmed.",Neutral
The fabric of the sweater feels soft and comfortable.,Positive
The customer service representative was rude and unhelpful.,Negative
The accessories I ordered were missing from the package.,Negative
I love the style and design of the coat I purchased.,Positive
"The website layout was confusing, and it took me a while to find what I wanted.",Negative
"The size I ordered was too big, but the exchange process was smooth.",Neutral
The material of the shirt feels itchy and uncomfortable.,Negative
"The price of the scarf was a bit high, but it was worth it.",Neutral
The return process was quick and hassle-free.,Positive
I'm satisfied with the overall shopping experience.,Positive
The color of the shoes I received was slightly different from the picture.,Neutral
The fabric of the skirt feels thin and cheap.,Negative
The customer support team was helpful and resolved my issue promptly.,Positive
The packaging of the items was sturdy and well-protected.,Positive
The price of the pants was too high for the quality.,Negative
"The sizing was perfect, and the dress fits like a glove.",Positive
"The delivery was late, and the package was damaged.",Negative
The material of the jeans feels comfortable and stretchy.,Positive
"The checkout process was confusing, and I accidentally ordered the wrong item.",Negative
The color of the sweater faded after the first wash.,Negative
The quality of the product exceeded my expectations.,Positive
"The website was slow, and it took forever to load.",Negative
The fabric of the shirt feels cheap and low-quality.,Negative
"The price of the bag was a bit high, but it was worth it for the durability.",Neutral
The sizing was inconsistent across different items.,Negative
The shoes I received were a perfect fit and very comfortable.,Positive
The customer service representative was friendly and knowledgeable.,Positive
The packaging of the items was environmentally friendly.,Positive
The color of the dress I received was vibrant and beautiful.,Positive
The fabric of the pants feels thin and flimsy.,Negative
The price of the shirt was too high for the quality.,Negative
"The delivery was fast, and the package arrived in perfect condition.",Positive
The customer support team was unresponsive and did not resolve my issue.,Negative
The material of the sweater feels itchy and uncomfortable.,Negative
"The sizing chart was inaccurate, and the clothes were too small.",Negative
The checkout process was quick and easy to use.,Positive
"I received the wrong item, and the return process was difficult.",Negative
The color of the hat I received was faded and not as advertised.,Negative
The fabric of the jacket feels luxurious and soft.,Positive
The website layout was user-friendly and intuitive.,Positive
The price of the shoes was reasonable for the quality.,Positive
The stitching on the shirt was done poorly and came apart.,Negative
"The customer service was excellent, and my issue was resolved quickly.",Positive
The accessories I ordered were missing from the package.,Negative
The quality of the coat I received was poor.,Negative
"The delivery was delayed, but the product was worth the wait.",Neutral
The fabric of the dress feels cheap and uncomfortable.,Negative
The customer support team was unresponsive and not helpful.,Negative
"The sizing of the pants was off, and they were too tight.",Negative
The checkout process was quick and hassle-free.,Positive
The material of the bag feels sturdy and well-made.,Positive
The color of the shirt I received was not what I expected.,Negative
The price of the jacket was reasonable for the quality.,Positive
The stitching on the shirt was coming undone after the first wash.,Negative
The website kept crashing while I was trying to make a purchase.,Negative
I'm impressed with the variety of products available.,Positive
"The delivery was delayed, but the product exceeded my expectations.",Neutral
"The dress I ordered was too long, but it was easy to get it hemmed.",Neutral
The fabric of the sweater feels soft and comfortable.,Positive
The customer service representative was rude and unhelpful.,Negative
The accessories I ordered were missing from the package.,Negative
I love the style and design of the coat I purchased.,Positive
"The website layout was confusing, and it took me a while to find what I wanted.",Negative
"The size I ordered was too big, but the exchange process was smooth.",Neutral
The material of the shirt feels itchy and uncomfortable.,Negative
"The price of the scarf was a bit high, but it was worth it.",Neutral
The return process was quick and hassle-free.,Positive
I'm satisfied with the overall shopping experience.,Positive
The color of the shoes I received was slightly different from the picture.,Neutral
The fabric of the skirt feels thin and cheap.,Negative
The customer support team was helpful and resolved my issue promptly.,Positive
The packaging of the items was sturdy and well-protected.,Positive
The price of the pants was too high for the quality.,Negative
"The sizing was perfect, and the dress fits like a glove.",Positive
"The delivery was late, and the package was damaged.",Negative
The material of the jeans feels comfortable and stretchy.,Positive
"The checkout process was confusing, and I accidentally ordered the wrong item.",Negative
The color of the sweater faded after the first wash.,Negative
The quality of the product exceeded my expectations.,Positive
"The website was slow, and it took forever to load.",Negative
The fabric of the shirt feels cheap and low-quality.,Negative
"The price of the bag was a bit high, but it was worth it for the durability.",Neutral
The sizing was inconsistent across different items.,Negative
The shoes I received were a perfect fit and very comfortable.,Positive
The customer service representative was friendly and knowledgeable.,Positive
The packaging of the items was environmentally friendly.,Positive
The color of the dress I received was vibrant and beautiful.,Positive
The fabric of the pants feels thin and flimsy.,Negative
The price of the shirt was too high for the quality.,Negative
"The delivery was fast, and the package arrived in perfect condition.",Positive
The customer support team was unresponsive and did not resolve my issue.,Negative
The material of the sweater feels itchy and uncomfortable.,Negative
"The sizing chart was inaccurate, and the clothes were too small.",Negative
The checkout process was quick and easy to use.,Positive
"I received the wrong item, and the return process was difficult.",Negative
The color of the hat I received was faded and not as advertised.,Negative
The fabric of the jacket feels luxurious and soft.,Positive
The website layout was user-friendly and intuitive.,Positive
The price of the shoes was reasonable for the quality.,Positive
The stitching on the shirt was done poorly and came apart.,Negative
"The customer service was excellent, and my issue was resolved quickly.",Positive
The accessories I ordered were missing from the package.,Negative
The quality of the coat I received was poor.,Negative
"The delivery was delayed, but the product was worth the wait.",Neutral
The fabric of the dress feels cheap and uncomfortable.,Negative
The customer support team was unresponsive and not helpful.,Negative
"The sizing of the pants was off, and they were too tight.",Negative
The checkout process was quick and hassle-free.,Positive
The material of the bag feels sturdy and well-made.,Positive
The color of the shirt I received was not what I expected.,Negative
The price of the jacket was reasonable for the quality.,Positive
The stitching on the shirt was coming undone after the first wash.,Negative
The website kept crashing while I was trying to make a purchase.,Negative
I'm impressed with the variety of products available.,Positive
"The delivery was delayed, but the product exceeded my expectations.",Neutral
"The dress I ordered was too long, but it was easy to get it hemmed.",Neutral
The fabric of the sweater feels soft and comfortable.,Positive
The customer service representative was rude and unhelpful.,Negative
The accessories I ordered were missing from the package.,Negative
I love the style and design of the coat I purchased.,Positive
"The website layout was confusing, and it took me a while to find what I wanted.",Negative
"The size I ordered was too big, but the exchange process was smooth.",Neutral
The material of the shirt feels itchy and uncomfortable.,Negative
"The price of the scarf was a bit high, but it was worth it.",Neutral
The return process was quick and hassle-free.,Positive
I'm satisfied with the overall shopping experience.,Positive
The color of the shoes I received was slightly different from the picture.,Neutral
The fabric of the skirt feels thin and cheap.,Negative
The customer support team was helpful and resolved my issue promptly.,Positive
The packaging of the items was sturdy and well-protected.,Positive
The price of the pants was too high for the quality.,Negative
"The sizing was perfect, and the dress fits like a glove.",Positive
"The delivery was late, and the package was damaged.",Negative
The material of the jeans feels comfortable and stretchy.,Positive
"The checkout process was confusing, and I accidentally ordered the wrong item.",Negative
The color of the sweater faded after the first wash.,Negative
The quality of the product exceeded my expectations.,Positive
"The website was slow, and it took forever to load.",Negative
The fabric of the shirt feels cheap and low-quality.,Negative
"The price of the bag was a bit high, but it was worth it for the durability.",Neutral
The sizing was inconsistent across different items.,Negative
The shoes I received were a perfect fit and very comfortable.,Positive
The customer service representative was friendly and knowledgeable.,Positive
The packaging of the items was environmentally friendly.,Positive
The color of the dress I received was vibrant and beautiful.,Positive
The fabric of the pants feels thin and flimsy.,Negative
The price of the shirt was too high for the quality.,Negative
"The delivery was fast, and the package arrived in perfect condition.",Positive
The customer support team was unresponsive and did not resolve my issue.,Negative
The material of the sweater feels itchy and uncomfortable.,Negative
"The sizing chart was inaccurate, and the clothes were too small.",Negative
The checkout process was quick and easy to use.,Positive
"I received the wrong item, and the return process was difficult.",Negative
The color of the hat I received was faded and not as advertised.,Negative
The fabric of the jacket feels luxurious and soft.,Positive
The website layout was user-friendly and intuitive.,Positive
The price of the shoes was reasonable for the quality.,Positive
The stitching on the shirt was done poorly and came apart.,Negative
"The customer service was excellent, and my issue was resolved quickly.",Positive
The accessories I ordered were missing from the package.,Negative
The quality of the coat I received was poor.,Negative
"The delivery was delayed, but the product was worth the wait.",Neutral
The fabric of the dress feels cheap and uncomfortable.,Negative
The customer support team was unresponsive and not helpful.,Negative
"The sizing of the pants was off, and they were too tight.",Negative
The checkout process was quick and hassle-free.,Positive
The material of the bag feels sturdy and well-made.,Positive
The color of the shirt I received was not what I expected.,Negative
The price of the jacket was reasonable for the quality.,Positive
The stitching on the shirt was coming undone after the first wash.,Negative
The website kept crashing while I was trying to make a purchase.,Negative
I'm impressed with the variety of products available.,Positive
"The delivery was delayed, but the product exceeded my expectations.",Neutral
"The dress I ordered was too long, but it was easy to get it hemmed.",Neutral
The fabric of the sweater feels soft and comfortable.,Positive
The customer service representative was rude and unhelpful.,Negative
The accessories I ordered were missing from the package.,Negative
I love the style and design of the coat I purchased.,Positive
"The website layout was confusing, and it took me a while to find what I wanted.",Negative
"The size I ordered was too big, but the exchange process was smooth.",Neutral
The material of the shirt feels itchy and uncomfortable.,Negative
"The price of the scarf was a bit high, but it was worth it.",Neutral
The return process was quick and hassle-free.,Positive
I'm satisfied with the overall shopping experience.,Positive
The color of the shoes I received was slightly different from the picture.,Neutral
The fabric of the skirt feels thin and cheap.,Negative
The customer support team was helpful and resolved my issue promptly.,Positive
The packaging of the items was sturdy and well-protected.,Positive
The price of the pants was too high for the quality.,Negative
"The sizing was perfect, and the dress fits like a glove.",Positive
"The delivery was late, and the package was damaged.",Negative
The material of the jeans feels comfortable and stretchy.,Positive
"The checkout process was confusing, and I accidentally ordered the wrong item.",Negative
The color of the sweater faded after the first wash.,Negative
The quality of the product exceeded my expectations.,Positive
"The website was slow, and it took forever to load.",Negative
The fabric of the shirt feels cheap and low-quality.,Negative
"The price of the bag was a bit high, but it was worth it for the durability.",Neutral
The sizing was inconsistent across different items.,Negative
The shoes I received were a perfect fit and very comfortable.,Positive
The customer service representative was friendly and knowledgeable.,Positive
The packaging of the items was environmentally friendly.,Positive
The color of the dress I received was vibrant and beautiful.,Positive
The fabric of the pants feels thin and flimsy.,Negative
The price of the shirt was too high for the quality.,Negative
"The delivery was fast, and the package arrived in perfect condition.",Positive
The customer support team was unresponsive and did not resolve my issue.,Negative
The material of the sweater feels itchy and uncomfortable.,Negative
"The sizing chart was inaccurate, and the clothes were too small.",Negative
The checkout process was quick and easy to use.,Positive
"I received the wrong item, and the return process was difficult.",Negative
The color of the hat I received was faded and not as advertised.,Negative
The fabric of the jacket feels luxurious and soft.,Positive
The website layout was user-friendly and intuitive.,Positive
The price of the shoes was reasonable for the quality.,Positive
The stitching on the shirt was done poorly and came apart.,Negative
"The customer service was excellent, and my issue was resolved quickly.",Positive
The accessories I ordered were missing from the package.,Negative
The quality of the coat I received was poor.,Negative
"The delivery was delayed, but the product was worth the wait.",Neutral
The fabric of the dress feels cheap and uncomfortable.,Negative
The customer support team was unresponsive and not helpful.,Negative
"The sizing of the pants was off, and they were too tight.",Negative
The checkout process was quick and hassle-free.,Positive
The material of the bag feels sturdy and well-made.,Positive
The color of the shirt I received was not what I expected.,Negative
The price of the jacket was reasonable for the quality.,Positive
The stitching on the shirt was coming undone after the first wash.,Negative
The website kept crashing while I was trying to make a purchase.,Negative
I'm impressed with the variety of products available.,Positive
"The delivery was delayed, but the product exceeded my expectations.",Neutral
"The dress I ordered was too long, but it was easy to get it hemmed.",Neutral
The fabric of the sweater feels soft and comfortable.,Positive
The customer service representative was rude and unhelpful.,Negative
The accessories I ordered were missing from the package.,Negative
I love the style and design of the coat I purchased.,Positive
"The website layout was confusing, and it took me a while to find what I wanted.",Negative
"The size I ordered was too big, but the exchange process was smooth.",Neutral
The material of the shirt feels itchy and uncomfortable.,Negative
"The price of the scarf was a bit high, but it was worth it.",Neutral
The return process was quick and hassle-free.,Positive
I'm satisfied with the overall shopping experience.,Positive
The color of the shoes I received was slightly different from the picture.,Neutral
The fabric of the skirt feels thin and cheap.,Negative
The customer support team was helpful and resolved my issue promptly.,Positive
The packaging of the items was sturdy and well-protected.,Positive
The price of the pants was too high for the quality.,Negative
"The sizing was perfect, and the dress fits like a glove.",Positive
"The delivery was late, and the package was damaged.",Negative
The material of the jeans feels comfortable and stretchy.,Positive
"The checkout process was confusing, and I accidentally ordered the wrong item.",Negative
The color of the sweater faded after the first wash.,Negative
The quality of the product exceeded my expectations.,Positive
"The website was slow, and it took forever to load.",Negative
The fabric of the shirt feels cheap and low-quality.,Negative
"The price of the bag was a bit high, but it was worth it for the durability.",Neutral
The sizing was inconsistent across different items.,Negative
The shoes I received were a perfect fit and very comfortable.,Positive
The customer service representative was friendly and knowledgeable.,Positive
The packaging of the items was environmentally friendly.,Positive
The color of the dress I received was vibrant and beautiful.,Positive
The fabric of the pants feels thin and flimsy.,Negative
The price of the shirt was too high for the quality.,Negative
"The delivery was fast, and the package arrived in perfect condition.",Positive
The customer support team was unresponsive and did not resolve my issue.,Negative
The material of the sweater feels itchy and uncomfortable.,Negative
"The sizing chart was inaccurate, and the clothes were too small.",Negative
The checkout process was quick and easy to use.,Positive
"I received the wrong item, and the return process was difficult.",Negative
The color of the hat I received was faded and not as advertised.,Negative
The fabric of the jacket feels luxurious and soft.,Positive
The website layout was user-friendly and intuitive.,Positive
The price of the shoes was reasonable for the quality.,Positive
The stitching on the shirt was done poorly and came apart.,Negative
"The customer service was excellent, and my issue was resolved quickly.",Positive
The accessories I ordered were missing from the package.,Negative
The quality of the coat I received was poor.,Negative
"The delivery was delayed, but the product was worth the wait.",Neutral
The fabric of the dress feels cheap and uncomfortable.,Negative
The customer support team was unresponsive and not helpful.,Negative
"The sizing of the pants was off, and they were too tight.",Negative
The checkout process was quick and hassle-free.,Positive
The material of the bag feels sturdy and well-made.,Positive
The color of the shirt I received was not what I expected.,Negative
The price of the jacket was reasonable for the quality.,Positive
The stitching on the shirt was coming undone after the first wash.,Negative
The website kept crashing while I was trying to make a purchase.,Negative
I'm impressed with the variety of products available.,Positive
"The delivery was delayed, but the product exceeded my expectations.",Neutral
"The dress I ordered was too long, but it was easy to get it hemmed.",Neutral
The fabric of the sweater feels soft and comfortable.,Positive
The customer service representative was rude and unhelpful.,Negative
The accessories I ordered were missing from the package.,Negative
I love the style and design of the coat I purchased.,Positive
"The website layout was confusing, and it took me a while to find what I wanted.",Negative
"The size I ordered was too big, but the exchange process was smooth.",Neutral
The material of the shirt feels itchy and uncomfortable.,Negative
"The price of the scarf was a bit high, but it was worth it.",Neutral
The return process was quick and hassle-free.,Positive
I'm satisfied with the overall shopping experience.,Positive
The color of the shoes I received was slightly different from the picture.,Neutral
The fabric of the skirt feels thin and cheap.,Negative
The customer support team was helpful and resolved my issue promptly.,Positive
The packaging of the items was sturdy and well-protected.,Positive
The price of the pants was too high for the quality.,Negative
"The sizing was perfect, and the dress fits like a glove.",Positive
"The delivery was late, and the package was damaged.",Negative
The material of the jeans feels comfortable and stretchy.,Positive
"The checkout process was confusing, and I accidentally ordered the wrong item.",Negative
The color of the sweater faded after the first wash.,Negative
The quality of the product exceeded my expectations.,Positive
